case_id,category,expected,detected,status,error_types,evidence_path,notes
"basic_arithmetic-004","BASIC_ARITHMETIC","3.14159","3_.14159","PARTIAL","","failures/basic_arithmetic-004.png",""
"basic_arithmetic-010","BASIC_ARITHMETIC","25%","25","WRONG_SYMBOL","","failures/basic_arithmetic-010.png",""
"basic_arithmetic-015","BASIC_ARITHMETIC","[14-3]*5","[1 \times-3] \times 5","PARTIAL","DIGIT_CONFUSION","failures/basic_arithmetic-015.png",""
"basic_arithmetic-016","BASIC_ARITHMETIC","0.006+1.04","0_.006+1_.04","PARTIAL","","failures/basic_arithmetic-016.png",""
"basic_arithmetic-017","BASIC_ARITHMETIC","-7*-8","-7x-8","PARTIAL","","failures/basic_arithmetic-017.png",""
"basic_arithmetic-022","BASIC_ARITHMETIC","6.02*10^23","6_.02*10^23","PARTIAL","","failures/basic_arithmetic-022.png",""
"basic_arithmetic-023","BASIC_ARITHMETIC","0/7","0.17","WRONG_STRUCTURE","DIGIT_CONFUSION|FRACTION_MISREAD","failures/basic_arithmetic-023.png",""
"basic_arithmetic-024","BASIC_ARITHMETIC","7.0-0.07","7_.0-0_.07","PARTIAL","","failures/basic_arithmetic-024.png",""
"basic_arithmetic-026","BASIC_ARITHMETIC","2--3","2-3","PARTIAL","","failures/basic_arithmetic-026.png",""
"basic_arithmetic-029","BASIC_ARITHMETIC","12.5%","12_.5","WRONG_SYMBOL","","failures/basic_arithmetic-029.png",""
"basic_arithmetic-031","BASIC_ARITHMETIC","1,024+2,048","1_.024+2_.048","WRONG_SYMBOL","","failures/basic_arithmetic-031.png",""
"basic_arithmetic-032","BASIC_ARITHMETIC","0.333...","0_.333_(...)","PARTIAL","","failures/basic_arithmetic-032.png",""
"basic_arithmetic-033","BASIC_ARITHMETIC","","","MANUAL_REVIEW_REQUIRED","","failures/basic_arithmetic-033.png","The automated stroke alphabet cannot represent this case faithfully; execute in manual Mode B."
"basic_arithmetic-035","BASIC_ARITHMETIC","2^10","2^70","PARTIAL","DIGIT_CONFUSION","failures/basic_arithmetic-035.png","Image pass unavailable; result uses digital ink and parser evidence."
"basic_arithmetic-036","BASIC_ARITHMETIC","sqrt(144)","55+ \frac{5}{2}44","WRONG_STRUCTURE","DIGIT_CONFUSION|LETTER_CONFUSION|ROOT_SCOPE_ERROR","failures/basic_arithmetic-036.png","Low-confidence interpretation; choose an alternative or edit before insertion."
"basic_arithmetic-039","BASIC_ARITHMETIC","7+?=12","7+=12","PARTIAL","","failures/basic_arithmetic-039.png",""
"algebraic_expressions-005","ALGEBRAIC_EXPRESSIONS","a(b+c)-d","a+b+c \geq-a","WRONG_SYMBOL","LETTER_CONFUSION","failures/algebraic_expressions-005.png",""
"algebraic_expressions-006","ALGEBRAIC_EXPRESSIONS","","","MANUAL_REVIEW_REQUIRED","","failures/algebraic_expressions-006.png","The automated stroke alphabet cannot represent this case faithfully; execute in manual Mode B."
"algebraic_expressions-007","ALGEBRAIC_EXPRESSIONS","(x+y)^2","(x+y)^?","PARTIAL","DIGIT_CONFUSION|LOW_CONFIDENCE","failures/algebraic_expressions-007.png",""
"algebraic_expressions-012","ALGEBRAIC_EXPRESSIONS","p(q-r)+s","p(-r)+s","PARTIAL","LETTER_CONFUSION","failures/algebraic_expressions-012.png",""
"algebraic_expressions-014","ALGEBRAIC_EXPRESSIONS","l^2+1","1^2+1","PARTIAL","DIGIT_CONFUSION|LETTER_CONFUSION","failures/algebraic_expressions-014.png",""
"algebraic_expressions-016","ALGEBRAIC_EXPRESSIONS","q^2-9q","x^2-2x","WRONG_SYMBOL","DIGIT_CONFUSION|LETTER_CONFUSION","failures/algebraic_expressions-016.png",""
"algebraic_expressions-017","ALGEBRAIC_EXPRESSIONS","S_5+5S","5+5","WRONG_STRUCTURE","LETTER_CONFUSION|SUBSCRIPT_MISSED","failures/algebraic_expressions-017.png",""
"algebraic_expressions-019","ALGEBRAIC_EXPRESSIONS","(a+(b-c))^2","(O+(D-C))^?","WRONG_SYMBOL","DIGIT_CONFUSION|LETTER_CONFUSION","failures/algebraic_expressions-019.png","Low-confidence interpretation; choose an alternative or edit before insertion."
"algebraic_expressions-023","ALGEBRAIC_EXPRESSIONS","a^{m+n}","a^{n+n}","PARTIAL","LETTER_CONFUSION","failures/algebraic_expressions-023.png",""
"algebraic_expressions-025","ALGEBRAIC_EXPRESSIONS","a_n=a_1+(n-1)d","a_n=a_{1}+(n-1)a","PARTIAL","LETTER_CONFUSION","failures/algebraic_expressions-025.png",""
"algebraic_expressions-028","ALGEBRAIC_EXPRESSIONS","max(a,b)-min(a,b)","Maxco,b)-Minco,DJ","WRONG_SYMBOL","LETTER_CONFUSION|LOW_CONFIDENCE","failures/algebraic_expressions-028.png","Low-confidence interpretation; choose an alternative or edit before insertion."
"algebraic_expressions-029","ALGEBRAIC_EXPRESSIONS","{x+1,x<0;x^2,x>=0}","\left \{ x+1,x<0;x^2,x>=0 \right \}","PARTIAL","LETTER_CONFUSION","failures/algebraic_expressions-029.png",""
"algebraic_expressions-030","ALGEBRAIC_EXPRESSIONS","","","MANUAL_REVIEW_REQUIRED","","failures/algebraic_expressions-030.png","The automated stroke alphabet cannot represent this case faithfully; execute in manual Mode B."
"algebraic_expressions-033","ALGEBRAIC_EXPRESSIONS","A(B+C)-AB","( \lambda C)-","WRONG_SYMBOL","LETTER_CONFUSION","failures/algebraic_expressions-033.png",""
"algebraic_expressions-034","ALGEBRAIC_EXPRESSIONS","alpha*x+beta","a+b","WRONG_SYMBOL","LETTER_CONFUSION","failures/algebraic_expressions-034.png","Low-confidence interpretation; choose an alternative or edit before insertion."
"algebraic_expressions-037","ALGEBRAIC_EXPRESSIONS","(x+3)^2 -> x^2+6x+9","(x+3)^2->x^2+6x+0","PARTIAL","DIGIT_CONFUSION","failures/algebraic_expressions-037.png",""
"algebraic_expressions-038","ALGEBRAIC_EXPRESSIONS","x+~~3~~4","x+34","WRONG_SYMBOL","","failures/algebraic_expressions-038.png",""
"algebraic_expressions-039","ALGEBRAIC_EXPRESSIONS","2x+3y\n-4x+y","2X+3Y;-4X+Y","PARTIAL","","failures/algebraic_expressions-039.png","Recognized as 2 spatially separate equation lines."
"equations_inequalities-006","EQUATIONS_INEQUALITIES","sqrt(x+4)=x-2","s \cap t(X+4)=X-2","WRONG_LAYOUT","LETTER_CONFUSION|ROOT_SCOPE_ERROR","failures/equations_inequalities-006.png",""
"equations_inequalities-009","EQUATIONS_INEQUALITIES","x+y=10\n2x-y=3","x+y=10;2x-y=3","PARTIAL","","failures/equations_inequalities-009.png","Recognized as 2 spatially separate equation lines."
"equations_inequalities-010","EQUATIONS_INEQUALITIES","x+y+z=6\n2x-y+z=3\nx+2y-z=4","","TIMEOUT","TIMEOUT","failures/equations_inequalities-010.png",""
"equations_inequalities-011","EQUATIONS_INEQUALITIES","","","MANUAL_REVIEW_REQUIRED","","failures/equations_inequalities-011.png","The automated stroke alphabet cannot represent this case faithfully; execute in manual Mode B."
"equations_inequalities-014","EQUATIONS_INEQUALITIES","x!=4","x \cdot x \cdot!=4","WRONG_SYMBOL","LETTER_CONFUSION","failures/equations_inequalities-014.png",""
"equations_inequalities-018","EQUATIONS_INEQUALITIES","x^4-16=0","x^{4}-15=0","PARTIAL","DIGIT_CONFUSION","failures/equations_inequalities-018.png",""
"equations_inequalities-024","EQUATIONS_INEQUALITIES","sqrt(x)+sqrt(x-1)=3","\sin(X)+\sin(X-1)=3","WRONG_LAYOUT","LETTER_CONFUSION|ROOT_SCOPE_ERROR","failures/equations_inequalities-024.png",""
"equations_inequalities-027","EQUATIONS_INEQUALITIES","x+y=5\nx-y=1\nx=3","x+y=5;X-Y=1;x=3","PARTIAL","","failures/equations_inequalities-027.png","Recognized as 3 spatially separate equation lines."
"equations_inequalities-028","EQUATIONS_INEQUALITIES","{x+y=4;2x-y=5}","\{X+Y=4;2X-Y=5 \}","PARTIAL","","failures/equations_inequalities-028.png",""
"equations_inequalities-030","EQUATIONS_INEQUALITIES","(x-1)^2>=0","(X-132)=0","WRONG_STRUCTURE","DIGIT_CONFUSION|SUPERSCRIPT_MISSED|LOW_CONFIDENCE","failures/equations_inequalities-030.png","Low-confidence interpretation; choose an alternative or edit before insertion."
"equations_inequalities-033","EQUATIONS_INEQUALITIES","F=ma","IMA","WRONG_STRUCTURE","LETTER_CONFUSION|OVERWRITING_ERROR|LOW_CONFIDENCE","failures/equations_inequalities-033.png","Image pass unavailable; result uses digital ink and parser evidence.; Low-confidence interpretation; choose an alternative or edit before insertion."
"equations_inequalities-034","EQUATIONS_INEQUALITIES","a/b=c/d","a\times b=c \times d","WRONG_LAYOUT","LETTER_CONFUSION|FRACTION_MISREAD|STROKE_ORDER_SENSITIVE","failures/equations_inequalities-034.png","Low-confidence interpretation; choose an alternative or edit before insertion."
"equations_inequalities-035","EQUATIONS_INEQUALITIES","x+1=2\nx=1","x+1=2;X=1","PARTIAL","","failures/equations_inequalities-035.png","Recognized as 2 spatially separate equation lines."
"equations_inequalities-036","EQUATIONS_INEQUALITIES","2x+2=10\n2x=8\nx=4","2x+2=10;2X=8;x=4","PARTIAL","","failures/equations_inequalities-036.png","Recognized as 3 spatially separate equation lines."
"equations_inequalities-037","EQUATIONS_INEQUALITIES","x+5=12\nx=12-5\nx=7","x+5=12;x=12-5;x=7","PARTIAL","","failures/equations_inequalities-037.png","Recognized as 3 spatially separate equation lines."
"equations_inequalities-038","EQUATIONS_INEQUALITIES","x+5=12\nx=12+5\nx=17","x+5=12;x=12+5;x=17","PARTIAL","","failures/equations_inequalities-038.png","Recognized as 3 spatially separate equation lines."
"equations_inequalities-040","EQUATIONS_INEQUALITIES","x+y=3\n  x-y=1","x+y=3;X-Y=1","PARTIAL","","failures/equations_inequalities-040.png","Recognized as 2 spatially separate equation lines."
"powers_subscripts_roots-004","POWERS_SUBSCRIPTS_ROOTS","x^{-2}","","TIMEOUT","TIMEOUT","failures/powers_subscripts_roots-004.png",""
"powers_subscripts_roots-006","POWERS_SUBSCRIPTS_ROOTS","a^{b+c}","","TIMEOUT","TIMEOUT","failures/powers_subscripts_roots-006.png",""
"powers_subscripts_roots-008","POWERS_SUBSCRIPTS_ROOTS","sqrt(x)","\sin(X)","WRONG_STRUCTURE","LETTER_CONFUSION|ROOT_SCOPE_ERROR","failures/powers_subscripts_roots-008.png",""
"powers_subscripts_roots-009","POWERS_SUBSCRIPTS_ROOTS","sqrt(x^2+y^2)","\sin^{2}+(x^{2}+y^{2})","WRONG_LAYOUT","DIGIT_CONFUSION|LETTER_CONFUSION|ROOT_SCOPE_ERROR","failures/powers_subscripts_roots-009.png",""
"powers_subscripts_roots-010","POWERS_SUBSCRIPTS_ROOTS","root_3(27)","r00+3(27)","WRONG_STRUCTURE","DIGIT_CONFUSION|LETTER_CONFUSION|SUBSCRIPT_MISSED|LOCATION_SENSITIVE|STROKE_ORDER_SENSITIVE","failures/powers_subscripts_roots-010.png",""
"powers_subscripts_roots-011","POWERS_SUBSCRIPTS_ROOTS","root_4(16)","root_al163","WRONG_SYMBOL","DIGIT_CONFUSION|LETTER_CONFUSION","failures/powers_subscripts_roots-011.png","Low-confidence interpretation; choose an alternative or edit before insertion."
"powers_subscripts_roots-012","POWERS_SUBSCRIPTS_ROOTS","6.02*10^23","6_.02*10^23","PARTIAL","","failures/powers_subscripts_roots-012.png",""
"powers_subscripts_roots-015","POWERS_SUBSCRIPTS_ROOTS","a_{n+1}","ab+1","WRONG_STRUCTURE","LETTER_CONFUSION|SUBSCRIPT_MISSED|OVERWRITING_ERROR","failures/powers_subscripts_roots-015.png",""
"powers_subscripts_roots-017","POWERS_SUBSCRIPTS_ROOTS","x^{y^2}","X^{YZ}3","WRONG_SYMBOL","DIGIT_CONFUSION|LETTER_CONFUSION","failures/powers_subscripts_roots-017.png",""
"powers_subscripts_roots-018","POWERS_SUBSCRIPTS_ROOTS","(a^m)^n","a","WRONG_STRUCTURE","LETTER_CONFUSION|SUPERSCRIPT_MISSED|STROKE_ORDER_SENSITIVE|LOW_CONFIDENCE","failures/powers_subscripts_roots-018.png","Low-confidence interpretation; choose an alternative or edit before insertion."
"powers_subscripts_roots-020","POWERS_SUBSCRIPTS_ROOTS","9^{3/2}","9^{312}","WRONG_LAYOUT","DIGIT_CONFUSION|FRACTION_MISREAD","failures/powers_subscripts_roots-020.png",""
"powers_subscripts_roots-021","POWERS_SUBSCRIPTS_ROOTS","sqrt[3](x+1)","sr+[3](x+1)","WRONG_STRUCTURE","LETTER_CONFUSION|ROOT_SCOPE_ERROR|LOCATION_SENSITIVE","failures/powers_subscripts_roots-021.png",""
"powers_subscripts_roots-022","POWERS_SUBSCRIPTS_ROOTS","sqrt(sqrt(x))","Sr+(srt(x))","WRONG_STRUCTURE","LETTER_CONFUSION|ROOT_SCOPE_ERROR|LOCATION_SENSITIVE|LOW_CONFIDENCE","failures/powers_subscripts_roots-022.png","Low-confidence interpretation; choose an alternative or edit before insertion."
"powers_subscripts_roots-023","POWERS_SUBSCRIPTS_ROOTS","sqrt(x+sqrt(y))","srcx+srty>>","WRONG_STRUCTURE","LETTER_CONFUSION|ROOT_SCOPE_ERROR|LOW_CONFIDENCE","failures/powers_subscripts_roots-023.png","Low-confidence interpretation; choose an alternative or edit before insertion."
"powers_subscripts_roots-025","POWERS_SUBSCRIPTS_ROOTS","1.5*10^{-4}","1_.5*10^(-4)","PARTIAL","","failures/powers_subscripts_roots-025.png",""
"powers_subscripts_roots-026","POWERS_SUBSCRIPTS_ROOTS","H_2O","frac{}","WRONG_STRUCTURE","DIGIT_CONFUSION|LETTER_CONFUSION|SUBSCRIPT_MISSED|STROKE_ORDER_SENSITIVE","failures/powers_subscripts_roots-026.png","Low-confidence interpretation; choose an alternative or edit before insertion."
"powers_subscripts_roots-027","POWERS_SUBSCRIPTS_ROOTS","CO_2","","TIMEOUT","TIMEOUT","failures/powers_subscripts_roots-027.png",""
"powers_subscripts_roots-029","POWERS_SUBSCRIPTS_ROOTS","T_i^{jk}","i","WRONG_STRUCTURE","LETTER_CONFUSION|SUPERSCRIPT_MISSED|SUBSCRIPT_MISSED","failures/powers_subscripts_roots-029.png",""
"powers_subscripts_roots-031","POWERS_SUBSCRIPTS_ROOTS","x^{2^3}","X^{23}3","PARTIAL","DIGIT_CONFUSION","failures/powers_subscripts_roots-031.png",""
"powers_subscripts_roots-032","POWERS_SUBSCRIPTS_ROOTS","x^2^3","X^{23}","PARTIAL","","failures/powers_subscripts_roots-032.png",""
"powers_subscripts_roots-033","POWERS_SUBSCRIPTS_ROOTS","sqrt(x^2+1)/(x_1)","\sin(x^{2}+1)/(x_{1})","PARTIAL","LETTER_CONFUSION|FRACTION_MISREAD|ROOT_SCOPE_ERROR|LOCATION_SENSITIVE|OVERWRITING_ERROR","failures/powers_subscripts_roots-033.png",""
"powers_subscripts_roots-034","POWERS_SUBSCRIPTS_ROOTS","e^{-x^2}","e","WRONG_STRUCTURE","DIGIT_CONFUSION|LETTER_CONFUSION|SUPERSCRIPT_MISSED|STROKE_ORDER_SENSITIVE|LOW_CONFIDENCE","failures/powers_subscripts_roots-034.png","Image pass unavailable; result uses digital ink and parser evidence.; Low-confidence interpretation; choose an alternative or edit before insertion."
"powers_subscripts_roots-038","POWERS_SUBSCRIPTS_ROOTS","x^ 2","times","WRONG_STRUCTURE","DIGIT_CONFUSION|LETTER_CONFUSION|SUPERSCRIPT_MISSED","failures/powers_subscripts_roots-038.png",""
"powers_subscripts_roots-040","POWERS_SUBSCRIPTS_ROOTS","x^2+x_2","x_1^2+x_2","PARTIAL","DIGIT_CONFUSION","failures/powers_subscripts_roots-040.png",""
"fractions_rational-005","FRACTIONS_RATIONAL","(a^2-b^2)/(a+b)","co-DJI ca+b)","WRONG_STRUCTURE","DIGIT_CONFUSION|LETTER_CONFUSION|SUPERSCRIPT_MISSED|FRACTION_MISREAD","failures/fractions_rational-005.png","Low-confidence interpretation; choose an alternative or edit before insertion."
"fractions_rational-007","FRACTIONS_RATIONAL","sqrt(x)/(x+2)","\sin(X)/(X+2)","WRONG_LAYOUT","LETTER_CONFUSION|FRACTION_MISREAD|ROOT_SCOPE_ERROR","failures/fractions_rational-007.png",""
"fractions_rational-012","FRACTIONS_RATIONAL","(a/b)/c","(a/b) \geq c","PARTIAL","LETTER_CONFUSION","failures/fractions_rational-012.png","Low-confidence interpretation; choose an alternative or edit before insertion."
"fractions_rational-013","FRACTIONS_RATIONAL","dy/dx","\alpha Y/ \alpha X","WRONG_SYMBOL","LETTER_CONFUSION","failures/fractions_rational-013.png",""
"fractions_rational-018","FRACTIONS_RATIONAL","(1+sqrt(5))/2","ass","WRONG_STRUCTURE","DIGIT_CONFUSION|LETTER_CONFUSION|FRACTION_MISREAD|ROOT_SCOPE_ERROR|STROKE_ORDER_SENSITIVE|LOW_CONFIDENCE","failures/fractions_rational-018.png","Low-confidence interpretation; choose an alternative or edit before insertion."
"fractions_rational-022","FRACTIONS_RATIONAL","(a+b)/(c+d)+(e+f)/(g+h)","(otos/ccta)+lett)/(gth)","WRONG_SYMBOL","LETTER_CONFUSION|LOW_CONFIDENCE","failures/fractions_rational-022.png","Low-confidence interpretation; choose an alternative or edit before insertion."
"fractions_rational-026","FRACTIONS_RATIONAL","sqrt(x/y)","\sin^{t}(X/Y)","WRONG_LAYOUT","LETTER_CONFUSION|FRACTION_MISREAD|ROOT_SCOPE_ERROR|STROKE_ORDER_SENSITIVE","failures/fractions_rational-026.png",""
"fractions_rational-027","FRACTIONS_RATIONAL","sqrt(x)/sqrt(y)","\int S\Gamma t(X)/S\Gamma t(Y)","WRONG_LAYOUT","LETTER_CONFUSION|FRACTION_MISREAD|ROOT_SCOPE_ERROR","failures/fractions_rational-027.png",""
"fractions_rational-029","FRACTIONS_RATIONAL","(sum_{i=1}^n i)/n","(Sumi=1' is in","WRONG_STRUCTURE","LETTER_CONFUSION|SUPERSCRIPT_MISSED|SUBSCRIPT_MISSED|FRACTION_MISREAD","failures/fractions_rational-029.png","Image pass unavailable; result uses digital ink and parser evidence.; Low-confidence interpretation; choose an alternative or edit before insertion."
"fractions_rational-031","FRACTIONS_RATIONAL","n!/(r!(n-r)!)","n!/((!(^-^)!)","PARTIAL","LETTER_CONFUSION|LOW_CONFIDENCE","failures/fractions_rational-031.png","Low-confidence interpretation; choose an alternative or edit before insertion."
"fractions_rational-035","FRACTIONS_RATIONAL","(x+1)----------------(x-1)","(x+1)----------(x-1)","PARTIAL","","failures/fractions_rational-035.png",""
"fractions_rational-037","FRACTIONS_RATIONAL","(x+1)\(x-1)","(x+1)(x-1)","PARTIAL","","failures/fractions_rational-037.png",""
"complex_numbers-003","COMPLEX_NUMBERS","conj(z)=3-4i","\cos j(z)=3-4i","PARTIAL","LETTER_CONFUSION","failures/complex_numbers-003.png",""
"complex_numbers-004","COMPLEX_NUMBERS","","","MANUAL_REVIEW_REQUIRED","","failures/complex_numbers-004.png","The automated stroke alphabet cannot represent this case faithfully; execute in manual Mode B."
"complex_numbers-005","COMPLEX_NUMBERS","z=r(cos(theta)+i*sin(theta))","z=r( \cos(+h \exp)+i \times \sin(+h \exp))","PARTIAL","LETTER_CONFUSION","failures/complex_numbers-005.png",""
"complex_numbers-006","COMPLEX_NUMBERS","z=r*e^{i*theta}","","TIMEOUT","TIMEOUT","failures/complex_numbers-006.png",""
"complex_numbers-007","COMPLEX_NUMBERS","e^{i*pi}+1=0","e^{ixpi}+1=0","PARTIAL","LETTER_CONFUSION","failures/complex_numbers-007.png",""
"complex_numbers-009","COMPLEX_NUMBERS","i^{17}","i^{27}","PARTIAL","DIGIT_CONFUSION","failures/complex_numbers-009.png",""
"complex_numbers-010","COMPLEX_NUMBERS","Re(z)=3","e(z)=3","PARTIAL","LETTER_CONFUSION","failures/complex_numbers-010.png",""
"complex_numbers-011","COMPLEX_NUMBERS","Im(z)=4","M(z)=4","PARTIAL","LETTER_CONFUSION","failures/complex_numbers-011.png",""
"complex_numbers-013","COMPLEX_NUMBERS","arg(z)=theta","orgia)=the to","WRONG_SYMBOL","LETTER_CONFUSION","failures/complex_numbers-013.png",""
"complex_numbers-014","COMPLEX_NUMBERS","","","MANUAL_REVIEW_REQUIRED","","failures/complex_numbers-014.png","The automated stroke alphabet cannot represent this case faithfully; execute in manual Mode B."
"complex_numbers-017","COMPLEX_NUMBERS","i^4=1","i^t=1","PARTIAL","DIGIT_CONFUSION|LETTER_CONFUSION|LOW_CONFIDENCE","failures/complex_numbers-017.png",""
"complex_numbers-021","COMPLEX_NUMBERS","(3+4i)+(2-i)","(3+41)+(2-1)","PARTIAL","DIGIT_CONFUSION|LETTER_CONFUSION","failures/complex_numbers-021.png",""
"complex_numbers-024","COMPLEX_NUMBERS","sqrt(-9)=3i","sr+(-9)=31","WRONG_LAYOUT","DIGIT_CONFUSION|LETTER_CONFUSION|ROOT_SCOPE_ERROR","failures/complex_numbers-024.png",""
"complex_numbers-026","COMPLEX_NUMBERS","omega=e^{2*pi*i/3}","","TIMEOUT","TIMEOUT","failures/complex_numbers-026.png",""
"complex_numbers-029","COMPLEX_NUMBERS","Re((2+i)/(1-i))","e((2+i)/(1-i))","PARTIAL","LETTER_CONFUSION","failures/complex_numbers-029.png",""
"complex_numbers-030","COMPLEX_NUMBERS","Im(e^{i*theta})","MCe^('xtheto),","WRONG_SYMBOL","LETTER_CONFUSION|LOW_CONFIDENCE","failures/complex_numbers-030.png","Low-confidence interpretation; choose an alternative or edit before insertion."
"complex_numbers-031","COMPLEX_NUMBERS","conj(z_1+z_2)=conj(z_1)+conj(z_2)","CO\cap j(z_1+z_2)=CO\cap j(z_1)+CO\cap j(z_2)","WRONG_SYMBOL","LETTER_CONFUSION","failures/complex_numbers-031.png",""
"complex_numbers-032","COMPLEX_NUMBERS","","","MANUAL_REVIEW_REQUIRED","","failures/complex_numbers-032.png","The automated stroke alphabet cannot represent this case faithfully; execute in manual Mode B."
"complex_numbers-033","COMPLEX_NUMBERS","z+conj(z)=2Re(z)","z+ \cos z(z)=2e(z)","PARTIAL","LETTER_CONFUSION","failures/complex_numbers-033.png",""
"complex_numbers-034","COMPLEX_NUMBERS","z-conj(z)=2iIm(z)","z- \cos j(z)=z \sin(z)","PARTIAL","DIGIT_CONFUSION|LETTER_CONFUSION","failures/complex_numbers-034.png",""
"complex_numbers-035","COMPLEX_NUMBERS","1/(a+bi)","I/Cat Dis","WRONG_SYMBOL","DIGIT_CONFUSION|LETTER_CONFUSION","failures/complex_numbers-035.png",""
"complex_numbers-036","COMPLEX_NUMBERS","(a+bi)/(c+di)","(a+bi)/cctdi)","PARTIAL","LETTER_CONFUSION","failures/complex_numbers-036.png","Low-confidence interpretation; choose an alternative or edit before insertion."
"complex_numbers-037","COMPLEX_NUMBERS","theta=arg(3+4i)","+he+a=0 \cap g(3+4i)","WRONG_SYMBOL","DIGIT_CONFUSION|LETTER_CONFUSION","failures/complex_numbers-037.png",""
"complex_numbers-038","COMPLEX_NUMBERS","i l 1","i+1","WRONG_SYMBOL","LETTER_CONFUSION","failures/complex_numbers-038.png",""
"complex_numbers-039","COMPLEX_NUMBERS","","","MANUAL_REVIEW_REQUIRED","","failures/complex_numbers-039.png","The automated stroke alphabet cannot represent this case faithfully; execute in manual Mode B."
"log_exp_special-004","LOG_EXP_SPECIAL","log_a(xy)","logy","WRONG_STRUCTURE","LETTER_CONFUSION|SUBSCRIPT_MISSED|LOW_CONFIDENCE","failures/log_exp_special-004.png","Low-confidence interpretation; choose an alternative or edit before insertion."
"log_exp_special-011","LOG_EXP_SPECIAL","infinity","i +Y","WRONG_SYMBOL","LETTER_CONFUSION","failures/log_exp_special-011.png","Low-confidence interpretation; choose an alternative or edit before insertion."
"log_exp_special-012","LOG_EXP_SPECIAL","n!","","TIMEOUT","TIMEOUT","failures/log_exp_special-012.png",""
"log_exp_special-013","LOG_EXP_SPECIAL","floor(x)","FLOORCX)","PARTIAL","LETTER_CONFUSION","failures/log_exp_special-013.png","Low-confidence interpretation; choose an alternative or edit before insertion."
"log_exp_special-015","LOG_EXP_SPECIAL","log_10(1000)=3","10910110001=3","WRONG_LAYOUT","DIGIT_CONFUSION|LETTER_CONFUSION|SUBSCRIPT_MISSED|OVERWRITING_ERROR|LOW_CONFIDENCE","failures/log_exp_special-015.png","Low-confidence interpretation; choose an alternative or edit before insertion."
"log_exp_special-016","LOG_EXP_SPECIAL","log_b(x^n)=n*log_b(x)","lognex)=nx logocx>","WRONG_STRUCTURE","LETTER_CONFUSION|SUPERSCRIPT_MISSED|SUBSCRIPT_MISSED|LOW_CONFIDENCE","failures/log_exp_special-016.png","Low-confidence interpretation; choose an alternative or edit before insertion."
"log_exp_special-020","LOG_EXP_SPECIAL","e^{-x}","et","WRONG_STRUCTURE","LETTER_CONFUSION|SUPERSCRIPT_MISSED","failures/log_exp_special-020.png","Image pass unavailable; result uses digital ink and parser evidence.; Low-confidence interpretation; choose an alternative or edit before insertion."
"log_exp_special-022","LOG_EXP_SPECIAL","ln(sqrt(x))","(MCS(+(X))","WRONG_STRUCTURE","LETTER_CONFUSION|ROOT_SCOPE_ERROR|LOCATION_SENSITIVE|LOW_CONFIDENCE","failures/log_exp_special-022.png","Low-confidence interpretation; choose an alternative or edit before insertion."
"log_exp_special-023","LOG_EXP_SPECIAL","log(log(x))","logclog(x)>","PARTIAL","LETTER_CONFUSION|LOW_CONFIDENCE","failures/log_exp_special-023.png","Low-confidence interpretation; choose an alternative or edit before insertion."
"log_exp_special-025","LOG_EXP_SPECIAL","a^x=b","a^x=0","PARTIAL","LETTER_CONFUSION","failures/log_exp_special-025.png",""
"log_exp_special-026","LOG_EXP_SPECIAL","log_a(b)=c","l0g_o(b)=C","PARTIAL","LETTER_CONFUSION|LOW_CONFIDENCE","failures/log_exp_special-026.png","Low-confidence interpretation; choose an alternative or edit before insertion."
"log_exp_special-028","LOG_EXP_SPECIAL","ln(e^{x+y})","1\cap(e^{x+y})","WRONG_SYMBOL","LETTER_CONFUSION","failures/log_exp_special-028.png",""
"log_exp_special-029","LOG_EXP_SPECIAL","pi~=3.14159","p_{i}=3.14159","PARTIAL","","failures/log_exp_special-029.png",""
"log_exp_special-031","LOG_EXP_SPECIAL","(n+1)!","(1+1)!","PARTIAL","DIGIT_CONFUSION|LETTER_CONFUSION","failures/log_exp_special-031.png",""
"log_exp_special-032","LOG_EXP_SPECIAL","n!!","","TIMEOUT","TIMEOUT","failures/log_exp_special-032.png",""
"log_exp_special-033","LOG_EXP_SPECIAL","Gamma(n)=(n-1)!","amma(n)=(n-1)","PARTIAL","LETTER_CONFUSION|LOW_CONFIDENCE","failures/log_exp_special-033.png","Low-confidence interpretation; choose an alternative or edit before insertion."
"log_exp_special-034","LOG_EXP_SPECIAL","floor(-1.2)=-2","F100 \Gamma(-1.2)=-2","WRONG_SYMBOL","DIGIT_CONFUSION|LETTER_CONFUSION","failures/log_exp_special-034.png",""
"log_exp_special-035","LOG_EXP_SPECIAL","ceil(-1.2)=-1","\mathrm{ceil}(-1,2)=-1","WRONG_SYMBOL","LETTER_CONFUSION","failures/log_exp_special-035.png",""
"log_exp_special-038","LOG_EXP_SPECIAL","e^{i*pi}+1=0","e^{ixpi}+1=0","PARTIAL","LETTER_CONFUSION","failures/log_exp_special-038.png",""
"log_exp_special-039","LOG_EXP_SPECIAL","infinity/8","inity/8","WRONG_SYMBOL","LETTER_CONFUSION","failures/log_exp_special-039.png",""
"log_exp_special-040","LOG_EXP_SPECIAL","lnx","LAX","WRONG_SYMBOL","LETTER_CONFUSION|LOW_CONFIDENCE","failures/log_exp_special-040.png","Image pass unavailable; result uses digital ink and parser evidence.; Low-confidence interpretation; choose an alternative or edit before insertion."
"trigonometry-003","TRIGONOMETRY","tan(45deg)","\tan(450) \times","WRONG_SYMBOL","DIGIT_CONFUSION|LETTER_CONFUSION","failures/trigonometry-003.png",""
"trigonometry-009","TRIGONOMETRY","asin(1/2)=30deg","0.5 \sin(1/2)=30.069","WRONG_SYMBOL","DIGIT_CONFUSION|LETTER_CONFUSION","failures/trigonometry-009.png",""
"trigonometry-010","TRIGONOMETRY","theta=pi/4","+ne+o=pi/4","WRONG_SYMBOL","LETTER_CONFUSION","failures/trigonometry-010.png",""
"trigonometry-011","TRIGONOMETRY","A+B+C=180deg","+c=180 \alpha","WRONG_SYMBOL","LETTER_CONFUSION","failures/trigonometry-011.png",""
"trigonometry-017","TRIGONOMETRY","tan(x+pi)=tan(x)","tonixtois=\tan(x)","WRONG_SYMBOL","LETTER_CONFUSION","failures/trigonometry-017.png","Low-confidence interpretation; choose an alternative or edit before insertion."
"trigonometry-018","TRIGONOMETRY","sin(x+pi/2)=cos(x)","Sans","WRONG_STRUCTURE","DIGIT_CONFUSION|LETTER_CONFUSION|FRACTION_MISREAD|STROKE_ORDER_SENSITIVE|LOW_CONFIDENCE","failures/trigonometry-018.png","Low-confidence interpretation; choose an alternative or edit before insertion."
"trigonometry-022","TRIGONOMETRY","tan(a+b)=(tan(a)+tan(b))/(1-tan(a)tan(b))","\tan(a+b)=( \tan(a)+ \tan(b)) \div(1- \tan(a) \tan(b))","WRONG_LAYOUT","LETTER_CONFUSION|FRACTION_MISREAD|LOCATION_SENSITIVE","failures/trigonometry-022.png",""
"trigonometry-025","TRIGONOMETRY","sin(3x)=3sin(x)-4sin^3(x)","S \cap(3X)=3S \cap(X)=4S \cap(X)","WRONG_LAYOUT","DIGIT_CONFUSION|LETTER_CONFUSION|SUPERSCRIPT_MISSED","failures/trigonometry-025.png",""
"trigonometry-027","TRIGONOMETRY","arctan(1)=pi/4","arc+an(1)=p_{i}/4","PARTIAL","LETTER_CONFUSION","failures/trigonometry-027.png",""
"trigonometry-029","TRIGONOMETRY","csc^2(x)=1+cot^2(x)","(Sc(x)=1+CO+2(X)","WRONG_LAYOUT","DIGIT_CONFUSION|LETTER_CONFUSION|SUPERSCRIPT_MISSED|LOW_CONFIDENCE","failures/trigonometry-029.png","Low-confidence interpretation; choose an alternative or edit before insertion."
"trigonometry-030","TRIGONOMETRY","1+tan^2(x)=sec^2(x)","1+0\cap^{2}(X)=sec^{2}(X)","PARTIAL","DIGIT_CONFUSION|LETTER_CONFUSION","failures/trigonometry-030.png",""
"trigonometry-033","TRIGONOMETRY","theta_1+theta_2","+ \!ne+o_2","WRONG_SYMBOL","DIGIT_CONFUSION|LETTER_CONFUSION","failures/trigonometry-033.png","Low-confidence interpretation; choose an alternative or edit before insertion."
"trigonometry-034","TRIGONOMETRY","alpha+beta=gamma","","TIMEOUT","TIMEOUT","failures/trigonometry-034.png",""
"trigonometry-035","TRIGONOMETRY","sin^2 theta","sin^?theta","PARTIAL","DIGIT_CONFUSION","failures/trigonometry-035.png",""
"trigonometry-036","TRIGONOMETRY","sin -1 x","\sin \theta","WRONG_SYMBOL","DIGIT_CONFUSION|LETTER_CONFUSION","failures/trigonometry-036.png",""
"trigonometry-037","TRIGONOMETRY","2sinxcosx",".25","WRONG_SYMBOL","DIGIT_CONFUSION|LETTER_CONFUSION","failures/trigonometry-037.png","Low-confidence interpretation; choose an alternative or edit before insertion."
"trigonometry-039","TRIGONOMETRY","sin(x)+\ncos(x)","sin(X)+;cos(X)","PARTIAL","","failures/trigonometry-039.png","Recognized as 2 spatially separate equation lines."
"calculus-001","CALCULUS","lim_{x->0} sin(x)/x=1","lim_(x-s)osin(x)/x=1","PARTIAL","DIGIT_CONFUSION|LETTER_CONFUSION|FRACTION_MISREAD","failures/calculus-001.png","Low-confidence interpretation; choose an alternative or edit before insertion."
"calculus-002","CALCULUS","dy/dx","\frac{ \mathrm{d}Y}{ \mathrm{d}X}","WRONG_SYMBOL","LETTER_CONFUSION","failures/calculus-002.png",""
"calculus-004","CALCULUS","partial(z)/partial(x)","Portiacalipertially)","WRONG_STRUCTURE","LETTER_CONFUSION|FRACTION_MISREAD|LOW_CONFIDENCE","failures/calculus-004.png","Low-confidence interpretation; choose an alternative or edit before insertion."
"calculus-005","CALCULUS","f'(x)","f(X)","PARTIAL","","failures/calculus-005.png",""
"calculus-007","CALCULUS","int_0^1 x^2 dx","in+o^{1}x^{2}dx","WRONG_STRUCTURE","DIGIT_CONFUSION|LETTER_CONFUSION|SUBSCRIPT_MISSED","failures/calculus-007.png",""
"calculus-008","CALCULUS","int int_R f(x,y)dA","in+r(X,Y)d","WRONG_STRUCTURE","LETTER_CONFUSION|SUBSCRIPT_MISSED","failures/calculus-008.png",""
"calculus-010","CALCULUS","sum_{i=1}^n i","SIMU","WRONG_STRUCTURE","DIGIT_CONFUSION|LETTER_CONFUSION|SUPERSCRIPT_MISSED|SUBSCRIPT_MISSED|LOCATION_SENSITIVE|STROKE_ORDER_SENSITIVE|LOW_CONFIDENCE","failures/calculus-010.png","Image pass unavailable; result uses digital ink and parser evidence.; Low-confidence interpretation; choose an alternative or edit before insertion."
"calculus-011","CALCULUS","prod_{i=1}^n a_i","prodi_(zt)^""01","WRONG_SYMBOL","DIGIT_CONFUSION|LETTER_CONFUSION|LOW_CONFIDENCE","failures/calculus-011.png","Low-confidence interpretation; choose an alternative or edit before insertion."
"calculus-012","CALCULUS","nabla dot F","nable dot","PARTIAL","LETTER_CONFUSION","failures/calculus-012.png",""
"calculus-013","CALCULUS","nabla cross F","nable cross","PARTIAL","LETTER_CONFUSION","failures/calculus-013.png","Low-confidence interpretation; choose an alternative or edit before insertion."
"calculus-014","CALCULUS","lim_{n->infinity}(1+1/n)^n=e","lima-infinity(1+1/1)=e","WRONG_STRUCTURE","DIGIT_CONFUSION|LETTER_CONFUSION|SUPERSCRIPT_MISSED|SUBSCRIPT_MISSED|FRACTION_MISREAD|LOW_CONFIDENCE","failures/calculus-014.png","Low-confidence interpretation; choose an alternative or edit before insertion."
"calculus-015","CALCULUS","d/dx(x^n)=nx^{n-1}","d( \mathrm{d}X \times X^n)=nX^{n-1}","WRONG_LAYOUT","LETTER_CONFUSION|FRACTION_MISREAD|OVERWRITING_ERROR","failures/calculus-015.png",""
"calculus-018","CALCULUS","int cos(x)dx=sin(x)+C","i\cap i\cap s(X)aX=S|n(X)+c","WRONG_SYMBOL","LETTER_CONFUSION|STROKE_ORDER_SENSITIVE","failures/calculus-018.png",""
"calculus-019","CALCULUS","int e^x dx=e^x+C","i \cap+e^{x}dx=e^{x}+c","WRONG_SYMBOL","LETTER_CONFUSION","failures/calculus-019.png",""
"calculus-020","CALCULUS","int 1/x dx=ln","i\cap+1/xdx=in","WRONG_SYMBOL","LETTER_CONFUSION|FRACTION_MISREAD","failures/calculus-020.png",""
"calculus-021","CALCULUS","partial^2 f/partial x partial y","portiontiportiox partialy","WRONG_STRUCTURE","DIGIT_CONFUSION|LETTER_CONFUSION|SUPERSCRIPT_MISSED|FRACTION_MISREAD|LOCATION_SENSITIVE","failures/calculus-021.png",""
"calculus-022","CALCULUS","f''(x)+f(x)=0","f(X)+f(X)=0","PARTIAL","","failures/calculus-022.png",""
"calculus-023","CALCULUS","y'=xy","Y=XY","PARTIAL","","failures/calculus-023.png",""
"calculus-024","CALCULUS","int_a^b f(x)dx","inted f(x)ax","WRONG_STRUCTURE","LETTER_CONFUSION|SUPERSCRIPT_MISSED|SUBSCRIPT_MISSED|LOW_CONFIDENCE","failures/calculus-024.png","Low-confidence interpretation; choose an alternative or edit before insertion."
"calculus-025","CALCULUS","sum_{k=0}^{infinity}x^k","sumk=o infinityyk","WRONG_LAYOUT","DIGIT_CONFUSION|LETTER_CONFUSION|SUPERSCRIPT_MISSED|SUBSCRIPT_MISSED","failures/calculus-025.png",""
"calculus-026","CALCULUS","sum_{n=1}^{infinity}1/n^2","sum_{n=1}^{n_{n}+i_{n+1}+i_{n}}1/n^{2}","WRONG_SYMBOL","DIGIT_CONFUSION|LETTER_CONFUSION","failures/calculus-026.png",""
"calculus-027","CALCULUS","d/dt(r(t))","a/arcr(t))","WRONG_SYMBOL","LETTER_CONFUSION|LOW_CONFIDENCE","failures/calculus-027.png","Low-confidence interpretation; choose an alternative or edit before insertion."
"calculus-029","CALCULUS","nabla^2 phi=0","2nabl^aphi=0","PARTIAL","LOW_CONFIDENCE","failures/calculus-029.png","Low-confidence interpretation; choose an alternative or edit before insertion."
"calculus-030","CALCULUS","oint_C F dot dr","ointedotar","WRONG_LAYOUT","LETTER_CONFUSION|SUBSCRIPT_MISSED","failures/calculus-030.png",""
"calculus-031","CALCULUS","int int int_V rho dV","0","WRONG_STRUCTURE","LETTER_CONFUSION|SUBSCRIPT_MISSED|CROWDING_SENSITIVE","failures/calculus-031.png","Low-confidence interpretation; choose an alternative or edit before insertion."
"calculus-032","CALCULUS","d^3y/dx^3","a^{3}Y/aX^{3}","PARTIAL","LETTER_CONFUSION","failures/calculus-032.png",""
"calculus-033","CALCULUS","lim_{x->a}(f(x)-f(a))/(x-a)","limx-sects-fla))/(x-a","WRONG_STRUCTURE","LETTER_CONFUSION|SUBSCRIPT_MISSED|FRACTION_MISREAD|LOCATION_SENSITIVE|OVERWRITING_ERROR|LOW_CONFIDENCE","failures/calculus-033.png","Low-confidence interpretation; choose an alternative or edit before insertion."
"calculus-034","CALCULUS","int_0^{pi} sin(x)dx=2","as","WRONG_STRUCTURE","DIGIT_CONFUSION|LETTER_CONFUSION|SUPERSCRIPT_MISSED|SUBSCRIPT_MISSED|STROKE_ORDER_SENSITIVE|LOW_CONFIDENCE","failures/calculus-034.png","Low-confidence interpretation; choose an alternative or edit before insertion."
"calculus-035","CALCULUS","sum_{i=1}^{n}i^2=n(n+1)(2n+1)/6","\sin_(z^n)^2=n(n+1)(2n+1)/6","PARTIAL","DIGIT_CONFUSION|LETTER_CONFUSION|FRACTION_MISREAD","failures/calculus-035.png",""
"calculus-036","CALCULUS","prod_{k=1}^{n}k=n!","prock=2kam!","WRONG_STRUCTURE","DIGIT_CONFUSION|LETTER_CONFUSION|SUPERSCRIPT_MISSED|SUBSCRIPT_MISSED|LOW_CONFIDENCE","failures/calculus-036.png","Low-confidence interpretation; choose an alternative or edit before insertion."
"calculus-037","CALCULUS","int x dx","int","WRONG_SYMBOL","LETTER_CONFUSION","failures/calculus-037.png","Low-confidence interpretation; choose an alternative or edit before insertion."
"calculus-038","CALCULUS","f .(x)","f_.(X)","PARTIAL","","failures/calculus-038.png","Low-confidence interpretation; choose an alternative or edit before insertion."
"calculus-039","CALCULUS","int_0^1\nx^2 dx","into^{1};x^2dx","WRONG_LAYOUT","DIGIT_CONFUSION|LETTER_CONFUSION|SUBSCRIPT_MISSED","failures/calculus-039.png","Recognized as 2 spatially separate equation lines."
"calculus-040","CALCULUS","d y / d x","a\times","WRONG_STRUCTURE","LETTER_CONFUSION|FRACTION_MISREAD|LOW_CONFIDENCE","failures/calculus-040.png","Low-confidence interpretation; choose an alternative or edit before insertion."
"matrices_vectors-001","MATRICES_VECTORS","[1,2]","[1,2]","WRONG_STRUCTURE","MATRIX_ROW_ERROR","failures/matrices_vectors-001.png",""
"matrices_vectors-002","MATRICES_VECTORS","[[1],[2],[3]]","a","WRONG_STRUCTURE","DIGIT_CONFUSION|MATRIX_ROW_ERROR|STROKE_ORDER_SENSITIVE|LOW_CONFIDENCE","failures/matrices_vectors-002.png","Low-confidence interpretation; choose an alternative or edit before insertion."
"matrices_vectors-003","MATRICES_VECTORS","A=[[1,2],[3,4]]","=[[1,2],[3,4]]","PARTIAL","LETTER_CONFUSION|LOW_CONFIDENCE","failures/matrices_vectors-003.png","Low-confidence interpretation; choose an alternative or edit before insertion."
"matrices_vectors-004","MATRICES_VECTORS","[[1,2,3],[4,5,6]]","[(1,2,33.64,5,6]]","WRONG_STRUCTURE","DIGIT_CONFUSION|MATRIX_ROW_ERROR|LOW_CONFIDENCE","failures/matrices_vectors-004.png","Low-confidence interpretation; choose an alternative or edit before insertion."
"matrices_vectors-005","MATRICES_VECTORS","det([[1,2],[3,4]])","det([[1,2],[3,4]])","PARTIAL","MATRIX_ROW_ERROR","failures/matrices_vectors-005.png",""
"matrices_vectors-006","MATRICES_VECTORS","AX=B","","TIMEOUT","TIMEOUT","failures/matrices_vectors-006.png",""
"matrices_vectors-007","MATRICES_VECTORS","A^{-1}","-1","WRONG_STRUCTURE","LETTER_CONFUSION|SUPERSCRIPT_MISSED|MATRIX_ROW_ERROR","failures/matrices_vectors-007.png",""
"matrices_vectors-008","MATRICES_VECTORS","A^T","","MANUAL_REVIEW_REQUIRED","","failures/matrices_vectors-008.png","The automated stroke alphabet cannot represent this case faithfully; execute in manual Mode B."
"matrices_vectors-009","MATRICES_VECTORS","I_3","3","WRONG_STRUCTURE","LETTER_CONFUSION|SUBSCRIPT_MISSED|MATRIX_ROW_ERROR","failures/matrices_vectors-009.png",""
"matrices_vectors-010","MATRICES_VECTORS","u dot v","u \phi ot","WRONG_SYMBOL","LETTER_CONFUSION","failures/matrices_vectors-010.png","Low-confidence interpretation; choose an alternative or edit before insertion."
"matrices_vectors-011","MATRICES_VECTORS","u cross v","u cross","PARTIAL","LETTER_CONFUSION","failures/matrices_vectors-011.png",""
"matrices_vectors-012","MATRICES_VECTORS","v=3i+4j","=3i+4j","PARTIAL","LETTER_CONFUSION","failures/matrices_vectors-012.png",""
"matrices_vectors-013","MATRICES_VECTORS","[[-1,2],[3,-4]]","[(-1,2],[3,-4]]","WRONG_STRUCTURE","MATRIX_ROW_ERROR|CROWDING_SENSITIVE|LOW_CONFIDENCE","failures/matrices_vectors-013.png","Low-confidence interpretation; choose an alternative or edit before insertion."
"matrices_vectors-016","MATRICES_VECTORS","[[1,0],[0,1]]","[[1.0],[0,1]]","PARTIAL","LOW_CONFIDENCE","failures/matrices_vectors-016.png","Low-confidence interpretation; choose an alternative or edit before insertion."
"matrices_vectors-017","MATRICES_VECTORS","[[a,b,c]]","[CO,D,C]]","WRONG_STRUCTURE","LETTER_CONFUSION|MATRIX_ROW_ERROR|LOW_CONFIDENCE","failures/matrices_vectors-017.png","Image pass unavailable; result uses digital ink and parser evidence.; Low-confidence interpretation; choose an alternative or edit before insertion."
"matrices_vectors-018","MATRICES_VECTORS","[[x],[y]]=[[2],[3]]","200","WRONG_STRUCTURE","DIGIT_CONFUSION|LETTER_CONFUSION|MATRIX_ROW_ERROR|STROKE_ORDER_SENSITIVE|LOW_CONFIDENCE","failures/matrices_vectors-018.png","Low-confidence interpretation; choose an alternative or edit before insertion."
"matrices_vectors-019","MATRICES_VECTORS","[[1,2],[3,4]]*[[x],[y]]=[[5],[11]]","1(1.23.13.47x22x1.1433=2157.11133","WRONG_STRUCTURE","DIGIT_CONFUSION|LETTER_CONFUSION|MATRIX_ROW_ERROR|LOW_CONFIDENCE","failures/matrices_vectors-019.png","Low-confidence interpretation; choose an alternative or edit before insertion."
"matrices_vectors-020","MATRICES_VECTORS","[[1,2],[3,4]]+[[5,6],[7,8]]","c(1.23.13.477+115.63.17.0]]","WRONG_STRUCTURE","DIGIT_CONFUSION|MATRIX_ROW_ERROR|LOW_CONFIDENCE","failures/matrices_vectors-020.png","Low-confidence interpretation; choose an alternative or edit before insertion."
"matrices_vectors-021","MATRICES_VECTORS","[[1,2],[3,4]]^2","[[1,2],[3,4]]^{2}","PARTIAL","MATRIX_ROW_ERROR","failures/matrices_vectors-021.png",""
"matrices_vectors-022","MATRICES_VECTORS","det([[x,2],[3,1]])=5","dercccx_.23_.13_.1377=5","WRONG_STRUCTURE","DIGIT_CONFUSION|LETTER_CONFUSION|MATRIX_ROW_ERROR","failures/matrices_vectors-022.png","Low-confidence interpretation; choose an alternative or edit before insertion."
"matrices_vectors-023","MATRICES_VECTORS","[[x,1,-1],[2,x,0],[1,-2,x]]=I","","TIMEOUT","TIMEOUT","failures/matrices_vectors-023.png",""
"matrices_vectors-024","MATRICES_VECTORS","A^T A=I","\sum","WRONG_STRUCTURE","LETTER_CONFUSION|SUPERSCRIPT_MISSED|MATRIX_ROW_ERROR","failures/matrices_vectors-024.png","Low-confidence interpretation; choose an alternative or edit before insertion."
"matrices_vectors-025","MATRICES_VECTORS","tr(A)=a+d","","TIMEOUT","TIMEOUT","failures/matrices_vectors-025.png",""
"matrices_vectors-026","MATRICES_VECTORS","rank(A)=2","rank()=2","PARTIAL","LETTER_CONFUSION","failures/matrices_vectors-026.png",""
"matrices_vectors-027","MATRICES_VECTORS","A_ij","ij","WRONG_STRUCTURE","LETTER_CONFUSION|SUBSCRIPT_MISSED|MATRIX_ROW_ERROR","failures/matrices_vectors-027.png",""
"matrices_vectors-028","MATRICES_VECTORS","v_i=e_ijk a_j b_k","i=e_{ijk}a_{j}b_{k}","PARTIAL","LETTER_CONFUSION","failures/matrices_vectors-028.png",""
"matrices_vectors-029","MATRICES_VECTORS","","","MANUAL_REVIEW_REQUIRED","","failures/matrices_vectors-029.png","The automated stroke alphabet cannot represent this case faithfully; execute in manual Mode B."
"matrices_vectors-030","MATRICES_VECTORS","hat(i) cross hat(j)=hat(k)","ha+(i)c \cap 0.5Sha+(j)=ha+(k)","WRONG_SYMBOL","LETTER_CONFUSION","failures/matrices_vectors-030.png",""
"matrices_vectors-031","MATRICES_VECTORS","[1;2;3] dot [4;5;6]","11;2;3300+24;5;6]","WRONG_SYMBOL","DIGIT_CONFUSION|LETTER_CONFUSION|LOW_CONFIDENCE","failures/matrices_vectors-031.png","Low-confidence interpretation; choose an alternative or edit before insertion."
"matrices_vectors-032","MATRICES_VECTORS","[[cos(t),-sin(t)],[sin(t),cos(t)]]","[[ \theta S(t),- \sin(t)],[ \sin(t), \cos(t)]]","PARTIAL","LETTER_CONFUSION","failures/matrices_vectors-032.png",""
"matrices_vectors-033","MATRICES_VECTORS","[[a,0,0],[0,b,0],[0,0,c]]","","TIMEOUT","TIMEOUT","failures/matrices_vectors-033.png",""
"matrices_vectors-035","MATRICES_VECTORS","","","MANUAL_REVIEW_REQUIRED","","failures/matrices_vectors-035.png","The automated stroke alphabet cannot represent this case faithfully; execute in manual Mode B."
"matrices_vectors-036","MATRICES_VECTORS","[ 1  2 ; 3  4 ]","[1,2],2","WRONG_STRUCTURE","DIGIT_CONFUSION|MATRIX_ROW_ERROR","failures/matrices_vectors-036.png","Low-confidence interpretation; choose an alternative or edit before insertion."
"matrices_vectors-038","MATRICES_VECTORS","[[1,2],[3,4]","[[1,2],[3,4]]","PARTIAL","","failures/matrices_vectors-038.png",""
"matrices_vectors-039","MATRICES_VECTORS","A -1","-1","WRONG_SYMBOL","LETTER_CONFUSION","failures/matrices_vectors-039.png",""
"matrices_vectors-040","MATRICES_VECTORS","[[2,1],[3,4]]\n[[x],[y]]\n[[5],[11]]","","TIMEOUT","TIMEOUT","failures/matrices_vectors-040.png",""
"graphs-004","GRAPHS","x=2","","NOT_DETECTED","GRAPH_NOT_DETECTED","failures/graphs-004.png","fit_error=null; candidates=null"
"graphs-006","GRAPHS","y=x^2","y=5.414*sin(0.675*x-1.19)-0.288","WRONG_STRUCTURE","GRAPH_TYPE_WRONG","failures/graphs-006.png","fit_error=0.05409136627087243; candidates=sine wave, quadratic / parabola, line"
"graphs-007","GRAPHS","y=-x^2+4","y=3.064*sin(0.75*x-1.569)+2.773","WRONG_STRUCTURE","GRAPH_TYPE_WRONG","failures/graphs-007.png","fit_error=0.014937878683873992; candidates=sine wave, quadratic / parabola, line, exponential"
"graphs-008","GRAPHS","y=(x-2)^2-1","y=4.449*sin(0.6*x-1.571)+3.092","WRONG_STRUCTURE","GRAPH_TYPE_WRONG","failures/graphs-008.png","fit_error=0.011983760270870978; candidates=sine wave, quadratic / parabola, line"
"graphs-009","GRAPHS","y=x^3","y=1.867*x+0","WRONG_STRUCTURE","GRAPH_TYPE_WRONG","failures/graphs-009.png","fit_error=0.08160445683753291; candidates=line, quadratic / parabola, sine wave"
"graphs-010","GRAPHS","y=abs(x)","y=1.564*sin(0.675*x-1.571)+1.974","WRONG_STRUCTURE","GRAPH_TYPE_WRONG","failures/graphs-010.png","fit_error=0.01111314301491147; candidates=sine wave, quadratic / parabola, line, exponential"
"graphs-011","GRAPHS","x^2+y^2=9","y=0*x0","WRONG_STRUCTURE","GRAPH_TYPE_WRONG","failures/graphs-011.png","fit_error=1.0; candidates=line, quadratic / parabola, sine wave"
"graphs-012","GRAPHS","x^2/9+y^2/4=1","y=0*x0","WRONG_STRUCTURE","GRAPH_TYPE_WRONG","failures/graphs-012.png","fit_error=0.9999999999999996; candidates=line, quadratic / parabola, sine wave"
"graphs-013","GRAPHS","x^2/9-y^2/4=1","y=-0.386*x^2-2.431*x-4.148","WRONG_STRUCTURE","GRAPH_TYPE_WRONG","failures/graphs-013.png","fit_error=0.1133524029185023; candidates=quadratic / parabola, sine wave, line"
"graphs-014","GRAPHS","y=e^x","y=0.13*x^2+0.745*x+1.273","WRONG_STRUCTURE","GRAPH_TYPE_WRONG","failures/graphs-014.png","fit_error=0.013547343598999827; candidates=quadratic / parabola, sine wave, exponential, line"
"graphs-015","GRAPHS","y=log(x)","y=-0.217*x^2+1.67*x-2.034","WRONG_STRUCTURE","GRAPH_TYPE_WRONG","failures/graphs-015.png","fit_error=0.022855325554930302; candidates=quadratic / parabola, sine wave, line"
"graphs-019","GRAPHS","y={-x,x<0;x,x>=0}","y=0.857*x+0","WRONG_STRUCTURE","GRAPH_TYPE_WRONG","failures/graphs-019.png","fit_error=2.0453535913341255E-13; candidates=line, quadratic / parabola, sine wave"
"graphs-020","GRAPHS","y=floor(x)","y=0.01*x^2+0.833*x-0.634","WRONG_STRUCTURE","GRAPH_TYPE_WRONG","failures/graphs-020.png","fit_error=0.02700928779097131; candidates=quadratic / parabola, line, sine wave"
"graphs-021","GRAPHS","scatter:(-2,1),(0,3),(2,2)","y=0.857*x+0","WRONG_STRUCTURE","GRAPH_TYPE_WRONG","failures/graphs-021.png","fit_error=3.1030737405853235E-14; candidates=line, quadratic / parabola, sine wave"
"graphs-022","GRAPHS","y>=x","y=0.857*x+0","WRONG_STRUCTURE","GRAPH_TYPE_WRONG","failures/graphs-022.png","fit_error=7.295045823116954E-14; candidates=line, quadratic / parabola, sine wave"
"graphs-023","GRAPHS","y=1/x","y=-0.145*x^2-0.756*x+4.1","WRONG_STRUCTURE","GRAPH_TYPE_WRONG","failures/graphs-023.png","fit_error=0.05368305841472894; candidates=quadratic / parabola, sine wave, line"
"graphs-024","GRAPHS","y=1/x^2","y=0.179*x^2+0.928*x-4.071","WRONG_STRUCTURE","GRAPH_TYPE_WRONG","failures/graphs-024.png","fit_error=0.023616654842985012; candidates=quadratic / parabola, sine wave, line"
"graphs-025","GRAPHS","y=sqrt(x)","y=-0.037*x^2+0.439*x+0.452","WRONG_STRUCTURE","GRAPH_TYPE_WRONG","failures/graphs-025.png","fit_error=0.03415414919785084; candidates=quadratic / parabola, sine wave, line, exponential"
"graphs-026","GRAPHS","y=root_3(x)","y=1.705*sin(0.525*x0)+0","WRONG_STRUCTURE","GRAPH_TYPE_WRONG","failures/graphs-026.png","fit_error=0.02922573909028496; candidates=sine wave, line, quadratic / parabola"
"graphs-027","GRAPHS","y=2^x","y=0.13*x^2+0.745*x+1.273","WRONG_STRUCTURE","GRAPH_TYPE_WRONG","failures/graphs-027.png","fit_error=0.01354738920613102; candidates=quadratic / parabola, sine wave, exponential, line"
"graphs-028","GRAPHS","y=(1/2)^x","y=0.129*x^2-0.766*x+1.316","WRONG_STRUCTURE","GRAPH_TYPE_WRONG","failures/graphs-028.png","fit_error=0.0180241730731778; candidates=quadratic / parabola, sine wave, exponential, line"
"graphs-032","GRAPHS","y=e^{-x^2}","y=0.568*sin(0.975*x+1.571)+0.465","WRONG_STRUCTURE","GRAPH_TYPE_WRONG","failures/graphs-032.png","fit_error=0.05493280501927112; candidates=sine wave, quadratic / parabola, line, exponential"
"graphs-033","GRAPHS","y=1/(1+e^{-x})","y=0.153*x+0.6","WRONG_STRUCTURE","GRAPH_TYPE_WRONG","failures/graphs-033.png","fit_error=0.017421254590642983; candidates=line, quadratic / parabola, sine wave, exponential"
"graphs-034","GRAPHS","y=sign(x)","y=1.461*sin(0.6*x0)+0","WRONG_STRUCTURE","GRAPH_TYPE_WRONG","failures/graphs-034.png","fit_error=0.12743133136960647; candidates=sine wave, line, quadratic / parabola"
"graphs-035","GRAPHS","y=cosh(x)","y=0.092*x^20*x+1.167","WRONG_STRUCTURE","GRAPH_TYPE_WRONG","failures/graphs-035.png","fit_error=0.0027505938298559417; candidates=quadratic / parabola, sine wave, line, exponential"
"graphs-036","GRAPHS","r=2+2cos(theta)","y=0.003*sin(3.75*x-0.129)+0.003","WRONG_STRUCTURE","GRAPH_TYPE_WRONG","failures/graphs-036.png","fit_error=0.9999990409255812; candidates=sine wave, line, quadratic / parabola"
"graphs-037","GRAPHS","x=cos(t);y=sin(t)","y=0*x+0","WRONG_STRUCTURE","GRAPH_TYPE_WRONG","failures/graphs-037.png","fit_error=0.9999999999999998; candidates=line, quadratic / parabola, sine wave"
"graphs-038","GRAPHS","y=(x^2-1)/(x+1)","y=-0.386*x^2-2.431*x-4.148","WRONG_STRUCTURE","GRAPH_TYPE_WRONG","failures/graphs-038.png","fit_error=0.11335209812792657; candidates=quadratic / parabola, sine wave, line"
"graphs-039","GRAPHS","y=ln(x)/x","y=-0.217*x^2+1.67*x-2.034","WRONG_STRUCTURE","GRAPH_TYPE_WRONG","failures/graphs-039.png","fit_error=0.022855480205889612; candidates=quadratic / parabola, sine wave, line"
"graphs-040","GRAPHS","axes+grid+y=x^2","y=3.26*sin(0.75*x-1.571)+3.006","WRONG_STRUCTURE","GRAPH_TYPE_WRONG","failures/graphs-040.png","fit_error=0.012838795899189973; candidates=sine wave, quadratic / parabola, line, exponential"
"geometry_diagrams-001","GEOMETRY_DIAGRAMS","point A","SQUARE","WRONG_STRUCTURE","SHAPE_TYPE_WRONG","failures/geometry_diagrams-001.png","SQUARE:0.895"
"geometry_diagrams-002","GEOMETRY_DIAGRAMS","line AB","HORIZONTAL_LINE","WRONG_STRUCTURE","SHAPE_TYPE_WRONG","failures/geometry_diagrams-002.png","HORIZONTAL_LINE:0.900"
"geometry_diagrams-003","GEOMETRY_DIAGRAMS","ray AB","HORIZONTAL_LINE","WRONG_STRUCTURE","SHAPE_TYPE_WRONG","failures/geometry_diagrams-003.png","HORIZONTAL_LINE:0.900"
"geometry_diagrams-004","GEOMETRY_DIAGRAMS","segment AB","HORIZONTAL_LINE","WRONG_STRUCTURE","SHAPE_TYPE_WRONG","failures/geometry_diagrams-004.png","HORIZONTAL_LINE:0.900"
"geometry_diagrams-006","GEOMETRY_DIAGRAMS","perpendicular lines","COORDINATE_AXES","WRONG_STRUCTURE","SHAPE_TYPE_WRONG","failures/geometry_diagrams-006.png","COORDINATE_AXES:0.880, HORIZONTAL_LINE:0.700, DIAGONAL_LINE:0.700"
"geometry_diagrams-007","GEOMETRY_DIAGRAMS","angle ABC","ANGLE","WRONG_LAYOUT","DIAGRAM_LABEL_MISREAD","failures/geometry_diagrams-007.png","ANGLE:0.790, DIAGONAL_LINE:0.700"
"geometry_diagrams-008","GEOMETRY_DIAGRAMS","right angle","SQUARE","WRONG_STRUCTURE","SHAPE_TYPE_WRONG","failures/geometry_diagrams-008.png","SQUARE:0.895"
"geometry_diagrams-009","GEOMETRY_DIAGRAMS","triangle ABC","EQUILATERAL_TRIANGLE","WRONG_STRUCTURE","SHAPE_TYPE_WRONG","failures/geometry_diagrams-009.png","EQUILATERAL_TRIANGLE:0.903"
"geometry_diagrams-010","GEOMETRY_DIAGRAMS","right triangle","ARC","WRONG_STRUCTURE","SHAPE_TYPE_WRONG","failures/geometry_diagrams-010.png","ARC:0.780"
"geometry_diagrams-011","GEOMETRY_DIAGRAMS","isosceles triangle","EQUILATERAL_TRIANGLE","WRONG_STRUCTURE","SHAPE_TYPE_WRONG","failures/geometry_diagrams-011.png","EQUILATERAL_TRIANGLE:0.903"
"geometry_diagrams-021","GEOMETRY_DIAGRAMS","circle center O","CIRCLE","WRONG_LAYOUT","DIAGRAM_LABEL_MISREAD","failures/geometry_diagrams-021.png","CIRCLE:0.909, POLYGON:0.720"
"geometry_diagrams-022","GEOMETRY_DIAGRAMS","circle radius OA","CIRCLE","WRONG_LAYOUT","DIAGRAM_LABEL_MISREAD","failures/geometry_diagrams-022.png","CIRCLE:0.910, POLYGON:0.720"
"geometry_diagrams-023","GEOMETRY_DIAGRAMS","circle diameter AB","CIRCLE","WRONG_LAYOUT","DIAGRAM_LABEL_MISREAD","failures/geometry_diagrams-023.png","CIRCLE:0.873, POLYGON:0.720"
"geometry_diagrams-024","GEOMETRY_DIAGRAMS","arc AB","ARC","WRONG_LAYOUT","DIAGRAM_LABEL_MISREAD","failures/geometry_diagrams-024.png","ARC:0.780"
"geometry_diagrams-025","GEOMETRY_DIAGRAMS","chord AB","CIRCLE","WRONG_LAYOUT","DIAGRAM_LABEL_MISREAD","failures/geometry_diagrams-025.png","CIRCLE:0.895, POLYGON:0.720"
"geometry_diagrams-026","GEOMETRY_DIAGRAMS","tangent at A","CIRCLE","WRONG_LAYOUT","DIAGRAM_LABEL_MISREAD","failures/geometry_diagrams-026.png","CIRCLE:0.909, POLYGON:0.720"
"geometry_diagrams-027","GEOMETRY_DIAGRAMS","secant AB","CIRCLE","WRONG_LAYOUT","DIAGRAM_LABEL_MISREAD","failures/geometry_diagrams-027.png","CIRCLE:0.909, POLYGON:0.720"
"geometry_diagrams-028","GEOMETRY_DIAGRAMS","coordinate triangle","CURVE","WRONG_STRUCTURE","SHAPE_TYPE_WRONG","failures/geometry_diagrams-028.png","CURVE:0.780"
"geometry_diagrams-038","GEOMETRY_DIAGRAMS","labelled cube ABCD","CUBE","WRONG_LAYOUT","DIAGRAM_LABEL_MISREAD","failures/geometry_diagrams-038.png","CUBE:0.950, ARROW:0.890, COORDINATE_AXES:0.880, GRAPH_GRID:0.860"
"geometry_diagrams-039","GEOMETRY_DIAGRAMS","triangle 3,4,5","RIGHT_TRIANGLE","WRONG_LAYOUT","DIAGRAM_LABEL_MISREAD","failures/geometry_diagrams-039.png","RIGHT_TRIANGLE:0.882"
"probability_statistics-001","PROBABILITY_STATISTICS","mean=sum(x)/n","meon=sum(x)in","WRONG_LAYOUT","LETTER_CONFUSION|FRACTION_MISREAD","failures/probability_statistics-001.png","Low-confidence interpretation; choose an alternative or edit before insertion."
"probability_statistics-002","PROBABILITY_STATISTICS","median=middle(x)","peanage","WRONG_STRUCTURE","LETTER_CONFUSION|STROKE_ORDER_SENSITIVE|LOW_CONFIDENCE","failures/probability_statistics-002.png","Low-confidence interpretation; choose an alternative or edit before insertion."
"probability_statistics-004","PROBABILITY_STATISTICS","range=max-min","r \sin ge=m \alpha x-m \sin","WRONG_SYMBOL","LETTER_CONFUSION","failures/probability_statistics-004.png",""
"probability_statistics-005","PROBABILITY_STATISTICS","variance=sum((x-mean)^2)/n","","TIMEOUT","TIMEOUT","failures/probability_statistics-005.png",""
"probability_statistics-006","PROBABILITY_STATISTICS","sigma=sqrt(variance)","\sin \theta= \sin \theta+ \tan \theta","WRONG_LAYOUT","LETTER_CONFUSION|ROOT_SCOPE_ERROR","failures/probability_statistics-006.png",""
"probability_statistics-007","PROBABILITY_STATISTICS","P(A)","()","WRONG_SYMBOL","LETTER_CONFUSION","failures/probability_statistics-007.png",""
"probability_statistics-008","PROBABILITY_STATISTICS","P(A union B)","(u) \times","WRONG_SYMBOL","LETTER_CONFUSION","failures/probability_statistics-008.png","Low-confidence interpretation; choose an alternative or edit before insertion."
"probability_statistics-009","PROBABILITY_STATISTICS","P(A intersect B)","(intersect)","PARTIAL","LETTER_CONFUSION","failures/probability_statistics-009.png",""
"probability_statistics-010","PROBABILITY_STATISTICS","P(A","(","WRONG_SYMBOL","LETTER_CONFUSION","failures/probability_statistics-010.png","Image pass unavailable; result uses digital ink and parser evidence.; Low-confidence interpretation; choose an alternative or edit before insertion."
"probability_statistics-011","PROBABILITY_STATISTICS","P(A^c)","","TIMEOUT","TIMEOUT","failures/probability_statistics-011.png",""
"probability_statistics-013","PROBABILITY_STATISTICS","P(n,r)","(n,r)","PARTIAL","LETTER_CONFUSION","failures/probability_statistics-013.png",""
"probability_statistics-014","PROBABILITY_STATISTICS","(n choose r)","in chooser)","PARTIAL","LETTER_CONFUSION|LOW_CONFIDENCE","failures/probability_statistics-014.png","Low-confidence interpretation; choose an alternative or edit before insertion."
"probability_statistics-015","PROBABILITY_STATISTICS","mu","","TIMEOUT","TIMEOUT","failures/probability_statistics-015.png",""
"probability_statistics-016","PROBABILITY_STATISTICS","sigma^2","\sin \theta^{2}","WRONG_SYMBOL","LETTER_CONFUSION","failures/probability_statistics-016.png",""
"probability_statistics-017","PROBABILITY_STATISTICS","X~N(mu,sigma^2)","2(n_u,Sign^o)","WRONG_SYMBOL","LETTER_CONFUSION|LOW_CONFIDENCE","failures/probability_statistics-017.png","Low-confidence interpretation; choose an alternative or edit before insertion."
"probability_statistics-018","PROBABILITY_STATISTICS","P(X<=5)","(<=5)","WRONG_SYMBOL","LETTER_CONFUSION","failures/probability_statistics-018.png",""
"probability_statistics-019","PROBABILITY_STATISTICS","E(X)=sum xP(x)","()=SUM XCX)","WRONG_SYMBOL","LETTER_CONFUSION","failures/probability_statistics-019.png",""
"probability_statistics-020","PROBABILITY_STATISTICS","Var(X)=E(X^2)-E(X)^2","a_{r}()=(^{2})-()^{2}","WRONG_SYMBOL","LETTER_CONFUSION","failures/probability_statistics-020.png",""
"probability_statistics-021","PROBABILITY_STATISTICS","P(A union B)=P(A)+P(B)-P(A intersect B)","(union=)+)-(intersect)","WRONG_SYMBOL","LETTER_CONFUSION|LOW_CONFIDENCE","failures/probability_statistics-021.png","Low-confidence interpretation; choose an alternative or edit before insertion."
"probability_statistics-022","PROBABILITY_STATISTICS","P(A","","TIMEOUT","TIMEOUT","failures/probability_statistics-022.png",""
"probability_statistics-023","PROBABILITY_STATISTICS","P(A intersect B)=P(A)P(B)","","TIMEOUT","TIMEOUT","failures/probability_statistics-023.png",""
"probability_statistics-025","PROBABILITY_STATISTICS","C(n,r)=n!/(r!(n-r)!)","c(n,n)=n!/(n!(n-n)!)","PARTIAL","LETTER_CONFUSION","failures/probability_statistics-025.png",""
"probability_statistics-026","PROBABILITY_STATISTICS","z=(x-mu)/sigma","z=(x-mu)/signa","PARTIAL","LETTER_CONFUSION","failures/probability_statistics-026.png",""
"probability_statistics-027","PROBABILITY_STATISTICS","xbar=sum_i x_i/n","XDor=sumixin","WRONG_LAYOUT","LETTER_CONFUSION|SUBSCRIPT_MISSED|FRACTION_MISREAD|LOW_CONFIDENCE","failures/probability_statistics-027.png","Low-confidence interpretation; choose an alternative or edit before insertion."
"probability_statistics-028","PROBABILITY_STATISTICS","s^2=sum(x_i-xbar)^2/(n-1)","S^2=S\cup M(X \cap-X \cap \cap \cap)^{2}/(n-1)","WRONG_LAYOUT","LETTER_CONFUSION|SUBSCRIPT_MISSED|FRACTION_MISREAD","failures/probability_statistics-028.png",""
"probability_statistics-029","PROBABILITY_STATISTICS","r=cov(X,Y)/(sigma_X sigma_Y)","r=col,),(Sigma signa","WRONG_STRUCTURE","LETTER_CONFUSION|SUBSCRIPT_MISSED|FRACTION_MISREAD|LOW_CONFIDENCE","failures/probability_statistics-029.png","Low-confidence interpretation; choose an alternative or edit before insertion."
"probability_statistics-030","PROBABILITY_STATISTICS","yhat=a+bx","y=a","WRONG_SYMBOL","LETTER_CONFUSION|LOW_CONFIDENCE","failures/probability_statistics-030.png","Low-confidence interpretation; choose an alternative or edit before insertion."
"probability_statistics-031","PROBABILITY_STATISTICS","table:[[x,f],[1,3],[2,5]]","","TIMEOUT","TIMEOUT","failures/probability_statistics-031.png",""
"probability_statistics-032","PROBABILITY_STATISTICS","bargraph:A=3,B=5,C=2","dergropn:=3,=5,6=2","WRONG_SYMBOL","DIGIT_CONFUSION|LETTER_CONFUSION|LOW_CONFIDENCE","failures/probability_statistics-032.png","Low-confidence interpretation; choose an alternative or edit before insertion."
"probability_statistics-033","PROBABILITY_STATISTICS","histogram:0-10:4,10-20:7","n:5+0.9+0.0:0.0:4","WRONG_SYMBOL","DIGIT_CONFUSION|LETTER_CONFUSION","failures/probability_statistics-033.png",""
"probability_statistics-034","PROBABILITY_STATISTICS","pie:A=40%,B=35%,C=25%","p_{i}e_{i}=40,=35,c=25","WRONG_SYMBOL","LETTER_CONFUSION","failures/probability_statistics-034.png",""
"probability_statistics-035","PROBABILITY_STATISTICS","boxplot:min,Q1,median,Q3,max","","TIMEOUT","TIMEOUT","failures/probability_statistics-035.png",""
"probability_statistics-036","PROBABILITY_STATISTICS","N(0,1)","(0,1)","PARTIAL","LETTER_CONFUSION","failures/probability_statistics-036.png",""
"probability_statistics-037","PROBABILITY_STATISTICS","P(0<X<1)","(0<<1)","PARTIAL","LETTER_CONFUSION","failures/probability_statistics-037.png",""
"probability_statistics-038","PROBABILITY_STATISTICS","P(A","(","WRONG_STRUCTURE","LETTER_CONFUSION|LOW_CONFIDENCE","failures/probability_statistics-038.png","Image pass unavailable; result uses digital ink and parser evidence.; Low-confidence interpretation; choose an alternative or edit before insertion."
"probability_statistics-039","PROBABILITY_STATISTICS","P(A union B)","(union)","WRONG_SYMBOL","LETTER_CONFUSION|LOW_CONFIDENCE","failures/probability_statistics-039.png","Low-confidence interpretation; choose an alternative or edit before insertion."
"probability_statistics-040","PROBABILITY_STATISTICS","sigma 6 mu u","b","WRONG_SYMBOL","DIGIT_CONFUSION|LETTER_CONFUSION|LOW_CONFIDENCE","failures/probability_statistics-040.png","Low-confidence interpretation; choose an alternative or edit before insertion."
"sets_logic-001","SETS_LOGIC","A={1,2,3}","= \left \{ 1,2,3 \right \}","WRONG_SYMBOL","LETTER_CONFUSION","failures/sets_logic-001.png",""
"sets_logic-002","SETS_LOGIC","x in A","","TIMEOUT","TIMEOUT","failures/sets_logic-002.png",""
"sets_logic-003","SETS_LOGIC","x notin A","x_{n0}+in","WRONG_SYMBOL","LETTER_CONFUSION","failures/sets_logic-003.png",""
"sets_logic-004","SETS_LOGIC","A subseteq B","\sin \theta+ \theta","WRONG_SYMBOL","LETTER_CONFUSION","failures/sets_logic-004.png",""
"sets_logic-005","SETS_LOGIC","A subset B","subset","PARTIAL","LETTER_CONFUSION","failures/sets_logic-005.png",""
"sets_logic-006","SETS_LOGIC","A union B","union","WRONG_SYMBOL","LETTER_CONFUSION","failures/sets_logic-006.png",""
"sets_logic-007","SETS_LOGIC","A intersect B","intect","WRONG_SYMBOL","LETTER_CONFUSION","failures/sets_logic-007.png","Low-confidence interpretation; choose an alternative or edit before insertion."
"sets_logic-008","SETS_LOGIC","A-B","-","WRONG_SYMBOL","LETTER_CONFUSION|LOW_CONFIDENCE","failures/sets_logic-008.png","Image pass unavailable; result uses digital ink and parser evidence.; Low-confidence interpretation; choose an alternative or edit before insertion."
"sets_logic-009","SETS_LOGIC","A^c","\sum_{i=1}^{m}","WRONG_SYMBOL","LETTER_CONFUSION","failures/sets_logic-009.png",""
"sets_logic-010","SETS_LOGIC","emptyset","emp+yse+","PARTIAL","LETTER_CONFUSION","failures/sets_logic-010.png",""
"sets_logic-011","SETS_LOGIC","forall x","dot\times","WRONG_SYMBOL","LETTER_CONFUSION|LOW_CONFIDENCE","failures/sets_logic-011.png","Low-confidence interpretation; choose an alternative or edit before insertion."
"sets_logic-012","SETS_LOGIC","exists x","exit is+sxx","WRONG_SYMBOL","LETTER_CONFUSION","failures/sets_logic-012.png",""
"sets_logic-013","SETS_LOGIC","p -> q","p->","PARTIAL","LETTER_CONFUSION|LOW_CONFIDENCE","failures/sets_logic-013.png","Image pass unavailable; result uses digital ink and parser evidence.; Low-confidence interpretation; choose an alternative or edit before insertion."
"sets_logic-014","SETS_LOGIC","p <-> q","P<->","PARTIAL","LETTER_CONFUSION","failures/sets_logic-014.png","Low-confidence interpretation; choose an alternative or edit before insertion."
"sets_logic-015","SETS_LOGIC","p and q","","TIMEOUT","TIMEOUT","failures/sets_logic-015.png",""
"sets_logic-016","SETS_LOGIC","p or q","\[___\]beginfrac{O} \geq 0.0pt","WRONG_SYMBOL","LETTER_CONFUSION|LOW_CONFIDENCE","failures/sets_logic-016.png","Low-confidence interpretation; choose an alternative or edit before insertion."
"sets_logic-018","SETS_LOGIC","A subseteq U","S\cup S\cup S","WRONG_SYMBOL","LETTER_CONFUSION","failures/sets_logic-018.png",""
"sets_logic-019","SETS_LOGIC","f:A->B","f:->","WRONG_SYMBOL","LETTER_CONFUSION","failures/sets_logic-019.png",""
"sets_logic-020","SETS_LOGIC","R subseteq A cross B","subsete cross","PARTIAL","LETTER_CONFUSION","failures/sets_logic-020.png","Low-confidence interpretation; choose an alternative or edit before insertion."
"sets_logic-021","SETS_LOGIC","{x in R:x>0}","X in:X>0","WRONG_SYMBOL","LETTER_CONFUSION","failures/sets_logic-021.png",""
"sets_logic-022","SETS_LOGIC","A symmetric_difference B","","TIMEOUT","TIMEOUT","failures/sets_logic-022.png",""
"sets_logic-023","SETS_LOGIC","card(A)=n","\cos \alpha()=n","WRONG_SYMBOL","LETTER_CONFUSION","failures/sets_logic-023.png",""
"sets_logic-024","SETS_LOGIC","P(A)","()","WRONG_SYMBOL","LETTER_CONFUSION","failures/sets_logic-024.png","Image pass unavailable; result uses digital ink and parser evidence."
"sets_logic-025","SETS_LOGIC","A intersect emptyset=emptyset","","TIMEOUT","TIMEOUT","failures/sets_logic-025.png",""
"sets_logic-026","SETS_LOGIC","A union emptyset=A","","TIMEOUT","TIMEOUT","failures/sets_logic-026.png",""
"sets_logic-027","SETS_LOGIC","A intersect U=A","intersect=","PARTIAL","LETTER_CONFUSION","failures/sets_logic-027.png",""
"sets_logic-028","SETS_LOGIC","A union U=U","union=","WRONG_SYMBOL","LETTER_CONFUSION|LOW_CONFIDENCE","failures/sets_logic-028.png","Low-confidence interpretation; choose an alternative or edit before insertion."
"sets_logic-029","SETS_LOGIC","(A union B)^c=A^c intersect B^c","(u \cap(0 \cap)^c=c) \cap( \theta \cap( \phi \theta \cap(c+c)))","WRONG_SYMBOL","LETTER_CONFUSION","failures/sets_logic-029.png",""
"sets_logic-030","SETS_LOGIC","(A intersect B)^c=A^c union B^c","","TIMEOUT","TIMEOUT","failures/sets_logic-030.png",""
"sets_logic-031","SETS_LOGIC","venn:A","enn:","WRONG_SYMBOL","LETTER_CONFUSION","failures/sets_logic-031.png",""
"sets_logic-032","SETS_LOGIC","venn:A,B disjoint","","TIMEOUT","TIMEOUT","failures/sets_logic-032.png",""
"sets_logic-033","SETS_LOGIC","venn:A intersect B","enni intersect","PARTIAL","LETTER_CONFUSION|LOW_CONFIDENCE","failures/sets_logic-033.png","Low-confidence interpretation; choose an alternative or edit before insertion."
"sets_logic-034","SETS_LOGIC","venn:A union B","","TIMEOUT","TIMEOUT","failures/sets_logic-034.png",""
"sets_logic-035","SETS_LOGIC","venn:A subset B","","TIMEOUT","TIMEOUT","failures/sets_logic-035.png",""
"sets_logic-036","SETS_LOGIC","venn:A,B,C","eMM;,,c","WRONG_SYMBOL","LETTER_CONFUSION|LOW_CONFIDENCE","failures/sets_logic-036.png","Image pass unavailable; result uses digital ink and parser evidence.; Low-confidence interpretation; choose an alternative or edit before insertion."
"sets_logic-037","SETS_LOGIC","venn:(A union B)^c","ennicunions^c","WRONG_SYMBOL","LETTER_CONFUSION","failures/sets_logic-037.png","Low-confidence interpretation; choose an alternative or edit before insertion."
"sets_logic-038","SETS_LOGIC","venn:A-B","enn:-","WRONG_SYMBOL","LETTER_CONFUSION","failures/sets_logic-038.png",""
"sets_logic-039","SETS_LOGIC","venn:A intersect B intersect C","enni intersect intersect c","PARTIAL","LETTER_CONFUSION","failures/sets_logic-039.png","Low-confidence interpretation; choose an alternative or edit before insertion."
"sets_logic-040","SETS_LOGIC","truth:[[p,q,p->q],[T,T,T],[T,F,F]]","+ru+h \cdot[[ \beta,, \beta->],[ \cdot,, ],[ \cdot,, ]]","WRONG_SYMBOL","LETTER_CONFUSION","failures/sets_logic-040.png",""
